text,intent
"Tôi muốn biết thêm về AI","AI & Internet"
"Tôi muốn tìm hiểu thêm về AI","AI & Internet"
"Tôi muốn biết thêm về Internet","AI & Internet"
"Tôi muốn tìm hiểu thêm về Internet","AI & Internet"
"Tôi muốn khám phá về AI","AI & Internet"
"Tôi quan tâm đến AI","AI & Internet"
"Tôi muốn khám phá về Internet","AI & Internet"
"Tôi quan tâm đến Internet","AI & Internet"
"Tôi muốn biết về xu hướng âm nhạc","Âm nhạc"
"Tôi muốn biết thêm về thị trường âm nhạc","Âm nhạc"
"Tôi muốn khám phá về âm nhạc","Âm nhạc"
"Tôi quan tâm đến âm nhạc","Âm nhạc"
"Tôi muốn biết thêm về an ninh mạng","An ninh mạng"
"Tôi muốn tìm hiểu thêm về an ninh mạng","An ninh mạng"
"Tôi muốn khám phá về an ninh mạng","An ninh mạng"
"Tôi quan tâm đến an ninh mạng","An ninh mạng"
"Tôi muốn biết thêm về an sinh","An sinh"
"Tôi muốn tìm hiểu thêm về an sinh","An sinh"
"Tôi muốn khám phá về an sinh","An sinh"
"Tôi quan tâm đến an sinh","An sinh"
"Tôi muốn biết thêm về bất động sản","Bất động sản"
"Tôi muốn tìm hiểu thêm về bất động sản","Bất động sản"
"Tôi muốn khám phá về bất động sản","Bất động sản"
"Tôi quan tâm đến bất động sản","Bất động sản"
"Tôi muốn biết thêm về bóng đá","Bóng đá"
"Tôi muốn tìm hiểu thêm về bóng đá","Bóng đá"
"Tôi muốn khám phá về bóng đá","Bóng đá"
"Tôi quan tâm đến bóng đá","Bóng đá"
"Tôi muốn biết thêm về chính sách","Chính sách"
"Tôi muốn tìm hiểu thêm về chính sách","Chính sách"
"Tôi muốn khám phá về chính sách","Chính sách"
"Tôi quan tâm đến chính sách","Chính sách"
"Tôi muốn biết thêm về chính trị","Chính trị"
"Tôi muốn tìm hiểu thêm về chính trị","Chính trị"
"Tôi muốn khám phá về chính trị","Chính trị"
"Tôi quan tâm đến chính trị","Chính trị"
"Tôi muốn biết thêm về chợ online","Chợ online"
"Tôi muốn tìm hiểu thêm về chợ online","Chợ online"
"Tôi muốn khám phá về chợ online","Chợ online"
"Tôi quan tâm đến chợ online","Chợ online"
"Tôi muốn biết thêm về chứng khoán","Chứng khoán"
"Tôi muốn tìm hiểu thêm về chứng khoán","Chứng khoán"
"Tôi muốn khám phá về chứng khoán","Chứng khoán"
"Tôi quan tâm đến chứng khoán","Chứng khoán"
"Tôi muốn biết thêm về chuyện của tôi","Chuyện của tôi"
"Tôi muốn tìm hiểu thêm về chuyện của tôi","Chuyện của tôi"
"Tôi muốn khám phá về chuyện của tôi","Chuyện của tôi"
"Tôi quan tâm đến chuyện của tôi","Chuyện của tôi"
"Tôi muốn biết thêm về chuyện nghề","Chuyện nghề"
"Tôi muốn tìm hiểu thêm về chuyện nghề","Chuyện nghề"
"Tôi muốn khám phá về chuyện nghề","Chuyện nghề"
"Tôi quan tâm đến chuyện nghề","Chuyện nghề"
"Tôi muốn biết thêm về cộng đồng xe","Cộng đồng xe"
"Tôi muốn tìm hiểu thêm về cộng đồng xe","Cộng đồng xe"
"Tôi muốn khám phá về cộng đồng xe","Cộng đồng xe"
"Tôi quan tâm đến cộng đồng xe","Cộng đồng xe"
"Tôi muốn biết thêm về cộng đồng","Cộng đồng"
"Tôi muốn tìm hiểu thêm về cộng đồng","Cộng đồng"
"Tôi muốn khám phá về cộng đồng","Cộng đồng"
"Tôi quan tâm đến cộng đồng","Cộng đồng"
"Tôi muốn biết thêm về công nghệ","Công nghệ"
"Tôi muốn tìm hiểu thêm về công nghệ","Công nghệ"
"Tôi muốn khám phá về công nghệ","Công nghệ"
"Tôi quan tâm đến công nghệ","Công nghệ"
"Tôi muốn biết thêm về công sở","Công sở"
"Tôi muốn tìm hiểu thêm về công sở","Công sở"
"Tôi muốn khám phá về công sở","Công sở"
"Tôi quan tâm đến công sở","Công sở"
"Tôi muốn biết thêm về đánh giá","Đánh giá"
"Tôi muốn tìm hiểu thêm về đánh giá","Đánh giá"
"Tôi muốn khám phá về đánh giá","Đánh giá"
"Tôi quan tâm đến đánh giá","Đánh giá"
"Tôi muốn biết thêm về điện ảnh","Điện ảnh"
"Tôi muốn tìm hiểu thêm về điện ảnh","Điện ảnh"
"Tôi muốn khám phá về điện ảnh","Điện ảnh"
"Tôi quan tâm đến điện ảnh","Điện ảnh"
"Tôi muốn biết thêm về doanh nghiệp","Doanh nghiệp"
"Tôi muốn tìm hiểu thêm về doanh nghiệp","Doanh nghiệp"
"Tôi muốn khám phá về doanh nghiệp","Doanh nghiệp"
"Tôi quan tâm đến doanh nghiệp","Doanh nghiệp"
"Tôi muốn biết thêm về đời sống","Đời sống"
"Tôi muốn tìm hiểu thêm về đời sống","Đời sống"
"Tôi muốn khám phá về đời sống","Đời sống"
"Tôi quan tâm đến đời sống","Đời sống"
"Tôi muốn biết thêm về dự án","Dự án"
"Tôi muốn tìm hiểu thêm về dự án","Dự án"
"Tôi muốn khám phá về dự án","Dự án"
"Tôi quan tâm đến dự án","Dự án"
"Tôi muốn biết thêm về du học","Du học"
"Tôi muốn tìm hiểu thêm về du học","Du học"
"Tôi muốn khám phá về du học","Du học"
"Tôi quan tâm đến du học","Du học"
"Tôi muốn biết thêm về du lịch","Du lịch"
"Tôi muốn tìm hiểu thêm về du lịch","Du lịch"
"Tôi muốn khám phá về du lịch","Du lịch"
"Tôi quan tâm đến du lịch","Du lịch"
"Tôi muốn biết thêm về gia đình","Gia đình"
"Tôi muốn tìm hiểu thêm về gia đình","Gia đình"
"Tôi muốn khám phá về gia đình","Gia đình"
"Tôi quan tâm đến gia đình","Gia đình"
"Tôi muốn biết thêm về gia dụng thông minh","Gia dụng thông minh"
"Tôi muốn tìm hiểu thêm về gia dụng thông minh","Gia dụng thông minh"
"Tôi muốn khám phá về gia dụng thông minh","Gia dụng thông minh"
"Tôi quan tâm đến gia dụng thông minh","Gia dụng thông minh"
"Tôi muốn biết thêm về giải trí","Giải trí"
"Tôi muốn tìm hiểu thêm về giải trí","Giải trí"
"Tôi muốn khám phá về giải trí","Giải trí"
"Tôi quan tâm đến giải trí","Giải trí"
"Tôi muốn biết thêm về giáo dục và nghề nghiệp","Giáo dục - Nghề nghiệp"
"Tôi muốn tìm hiểu thêm về giáo dục và nghề nghiệp","Giáo dục - Nghề nghiệp"
"Tôi muốn khám phá về giáo dục và nghề nghiệp","Giáo dục - Nghề nghiệp"
"Tôi quan tâm đến giáo dục và nghề nghiệp","Giáo dục - Nghề nghiệp"
"Tôi muốn biết thêm về giáo dục","Giáo dục"
"Tôi muốn tìm hiểu thêm về giáo dục","Giáo dục"
"Tôi muốn khám phá về giáo dục","Giáo dục"
"Tôi quan tâm đến giáo dục","Giáo dục"
"Tôi muốn biết thêm về giao thông","Giao thông"
"Tôi muốn tìm hiểu thêm về giao thông","Giao thông"
"Tôi muốn khám phá về giao thông","Giao thông"
"Tôi quan tâm đến giao thông","Giao thông"
"Tôi muốn biết thêm về giới trẻ","Giới trẻ"
"Tôi muốn tìm hiểu thêm về giới trẻ","Giới trẻ"
"Tôi muốn khám phá về giới trẻ","Giới trẻ"
"Tôi quan tâm đến giới trẻ","Giới trẻ"
"Tôi muốn biết thêm về góc phụ huynh","Góc phụ huynh"
"Tôi muốn tìm hiểu thêm về góc phụ huynh","Góc phụ huynh"
"Tôi muốn khám phá về góc phụ huynh","Góc phụ huynh"
"Tôi quan tâm đến góc phụ huynh","Góc phụ huynh"
"Tôi muốn biết thêm về gương sáng","Gương sáng"
"Tôi muốn tìm hiểu thêm về gương sáng","Gương sáng"
"Tôi muốn khám phá về gương sáng","Gương sáng"
"Tôi quan tâm đến gương sáng","Gương sáng"
"Tôi muốn biết thêm về hậu trường","Hậu trường"
"Tôi muốn tìm hiểu thêm về hậu trường","Hậu trường"
"Tôi muốn khám phá về hậu trường","Hậu trường"
"Tôi quan tâm đến hậu trường","Hậu trường"
"Tôi muốn biết thêm về hồ sơ vụ án","Hồ sơ vụ án"
"Tôi muốn tìm hiểu thêm về hồ sơ vụ án","Hồ sơ vụ án"
"Tôi muốn khám phá về hồ sơ vụ án","Hồ sơ vụ án"
"Tôi quan tâm đến hồ sơ vụ án","Hồ sơ vụ án"
"Tôi muốn biết thêm về học tập Bác","Học tập Bác"
"Tôi muốn tìm hiểu thêm về học tập Bác","Học tập Bác"
"Tôi muốn khám phá về học tập Bác","Học tập Bác"
"Tôi quan tâm đến học tập Bác","Học tập Bác"
"Tôi muốn biết thêm về khám phá","Khám phá"
"Tôi muốn tìm hiểu thêm về khám phá","Khám phá"
"Tôi muốn khám phá về khám phá","Khám phá"
"Tôi quan tâm đến khám phá","Khám phá"
"Tôi muốn biết thêm về khoa học và đời sống","Khoa học & đời sống"
"Tôi muốn tìm hiểu thêm về khoa học và đời sống","Khoa học & đời sống"
"Tôi muốn khám phá về khoa học và đời sống","Khoa học & đời sống"
"Tôi quan tâm đến khoa học và đời sống","Khoa học & đời sống"
"Tôi muốn biết thêm về khoa học","Khoa học"
"Tôi muốn tìm hiểu thêm về khoa học","Khoa học"
"Tôi muốn khám phá về khoa học","Khoa học"
"Tôi quan tâm đến khoa học","Khoa học"
"Tôi muốn biết thêm về khỏe đẹp","Khỏe đẹp"
"Tôi muốn tìm hiểu thêm về khỏe đẹp","Khỏe đẹp"
"Tôi muốn khám phá về khỏe đẹp","Khỏe đẹp"
"Tôi quan tâm đến khỏe đẹp","Khỏe đẹp"
"Tôi muốn biết thêm về khởi nghiệp","Khởi nghiệp"
"Tôi muốn tìm hiểu thêm về khởi nghiệp","Khởi nghiệp"
"Tôi muốn khám phá về khởi nghiệp","Khởi nghiệp"
"Tôi quan tâm đến khởi nghiệp","Khởi nghiệp"
"Tôi muốn biết thêm về khuyến học","Khuyến học"
"Tôi muốn tìm hiểu thêm về khuyến học","Khuyến học"
"Tôi muốn khám phá về khuyến học","Khuyến học"
"Tôi quan tâm đến khuyến học","Khuyến học"
"Tôi muốn biết thêm về kiến thức giới tính","Kiến thức giới tính"
"Tôi muốn tìm hiểu thêm về kiến thức giới tính","Kiến thức giới tính"
"Tôi muốn khám phá về kiến thức giới tính","Kiến thức giới tính"
"Tôi quan tâm đến kiến thức giới tính","Kiến thức giới tính"
"Tôi muốn biết thêm về kiều bào","Kiều bào"
"Tôi muốn tìm hiểu thêm về kiều bào","Kiều bào"
"Tôi muốn khám phá về kiều bào","Kiều bào"
"Tôi quan tâm đến kiều bào","Kiều bào"
"Tôi muốn biết thêm về kinh doanh","Kinh doanh"
"Tôi muốn tìm hiểu thêm về kinh doanh","Kinh doanh"
"Tôi muốn khám phá về kinh doanh","Kinh doanh"
"Tôi quan tâm đến kinh doanh","Kinh doanh"
"Tôi muốn biết thêm về kinh nghiệm và tư vấn","Kinh nghiệm - Tư vấn"
"Tôi muốn tìm hiểu thêm về kinh nghiệm và tư vấn","Kinh nghiệm - Tư vấn"
"Tôi muốn khám phá về kinh nghiệm và tư vấn","Kinh nghiệm - Tư vấn"
"Tôi quan tâm đến kinh nghiệm và tư vấn","Kinh nghiệm - Tư vấn"
"Tôi muốn biết thêm về kỷ nguyên mới","Kỷ nguyên mới"
"Tôi muốn tìm hiểu thêm về kỷ nguyên mới","Kỷ nguyên mới"
"Tôi muốn khám phá về kỷ nguyên mới","Kỷ nguyên mới"
"Tôi quan tâm đến kỷ nguyên mới","Kỷ nguyên mới"
"Tôi muốn biết thêm về làm giàu","Làm giàu"
"Tôi muốn tìm hiểu thêm về làm giàu","Làm giàu"
"Tôi muốn khám phá về làm giàu","Làm giàu"
"Tôi quan tâm đến làm giàu","Làm giàu"
"Tôi muốn biết thêm về môi trường","Môi trường"
"Tôi muốn tìm hiểu thêm về môi trường","Môi trường"
"Tôi muốn khám phá về môi trường","Môi trường"
"Tôi quan tâm đến môi trường","Môi trường"
"Tôi muốn biết thêm về món ngon và điểm đẹp","Món ngon - Điểm đẹp"
"Tôi muốn tìm hiểu thêm về món ngon và điểm đẹp","Món ngon - Điểm đẹp"
"Tôi muốn khám phá về món ngon và điểm đẹp","Món ngon - Điểm đẹp"
"Tôi quan tâm đến món ngon và điểm đẹp","Món ngon - Điểm đẹp"
"Tôi muốn biết thêm về mỹ thuật và sân khấu","Mỹ thuật - Sân khấu"
"Tôi muốn tìm hiểu thêm về mỹ thuật và sân khấu","Mỹ thuật - Sân khấu"
"Tôi muốn khám phá về mỹ thuật và sân khấu","Mỹ thuật - Sân khấu"
"Tôi quan tâm đến mỹ thuật và sân khấu","Mỹ thuật - Sân khấu"
"Tôi muốn biết thêm về ngoại thần kinh - cột sống","Ngoại thần kinh - Cột sống"
"Tôi muốn tìm hiểu thêm về ngoại thần kinh và cột sống","Ngoại thần kinh - Cột sống"
"Tôi muốn khám phá về ngoại thần kinh và cột sống","Ngoại thần kinh - Cột sống"
"Tôi quan tâm đến ngoại thần kinh và cột sống","Ngoại thần kinh - Cột sống"
"Tôi muốn biết thêm về nhà đất","Nhà đất"
"Tôi muốn tìm hiểu thêm về nhà đất","Nhà đất"
"Tôi muốn khám phá về nhà đất","Nhà đất"
"Tôi quan tâm đến nhà đất","Nhà đất"
"Tôi muốn biết thêm về nhân lực mới","Nhân lực mới"
"Tôi muốn tìm hiểu thêm về nhân lực mới","Nhân lực mới"
"Tôi muốn khám phá về nhân lực mới","Nhân lực mới"
"Tôi quan tâm đến nhân lực mới","Nhân lực mới"
"Tôi muốn biết thêm về nhịp sống đô thị","Nhịp sống đô thị"
"Tôi muốn tìm hiểu thêm về nhịp sống đô thị","Nhịp sống đô thị"
"Tôi muốn khám phá về nhịp sống đô thị","Nhịp sống đô thị"
"Tôi quan tâm đến nhịp sống đô thị","Nhịp sống đô thị"
"Tôi muốn biết thêm về nội thất","Nội thất"
"Tôi muốn tìm hiểu thêm về nội thất","Nội thất"
"Tôi muốn khám phá về nội thất","Nội thất"
"Tôi quan tâm đến nội thất","Nội thất"
"Tôi muốn biết thêm về nội vụ","Nội vụ"
"Tôi muốn tìm hiểu thêm về nội vụ","Nội vụ"
"Tôi muốn khám phá về nội vụ","Nội vụ"
"Tôi quan tâm đến nội vụ","Nội vụ"
"Tôi muốn biết thêm về nóng trên mạng","Nóng trên mạng"
"Tôi muốn tìm hiểu thêm về nóng trên mạng","Nóng trên mạng"
"Tôi muốn khám phá về nóng trên mạng","Nóng trên mạng"
"Tôi quan tâm đến nóng trên mạng","Nóng trên mạng"
"Tôi muốn biết thêm về phân tích và bình luận","Phân tích - Bình luận"
"Tôi muốn tìm hiểu thêm về phân tích và bình luận","Phân tích - Bình luận"
"Tôi muốn khám phá về phân tích và bình luận","Phân tích - Bình luận"
"Tôi quan tâm đến phân tích và bình luận","Phân tích - Bình luận"
"Tôi muốn biết thêm về pháp đình","Pháp đình"
"Tôi muốn tìm hiểu thêm về pháp đình","Pháp đình"
"Tôi muốn khám phá về pháp đình","Pháp đình"
"Tôi quan tâm đến pháp đình","Pháp đình"
"Tôi muốn biết thêm về Pickleball","Pickleball"
"Tôi muốn tìm hiểu thêm về Pickleball","Pickleball"
"Tôi muốn khám phá về Pickleball","Pickleball"
"Tôi quan tâm đến Pickleball","Pickleball"
"Tôi muốn biết thêm về quân sự","Quân sự"
"Tôi muốn tìm hiểu thêm về quân sự","Quân sự"
"Tôi muốn khám phá về quân sự","Quân sự"
"Tôi quan tâm đến quân sự","Quân sự"
"Tôi muốn biết thêm về sách hay","Sách hay"
"Tôi muốn tìm hiểu thêm về sách hay","Sách hay"
"Tôi muốn khám phá về sách hay","Sách hay"
"Tôi quan tâm đến sách hay","Sách hay"
"Tôi muốn biết thêm về sản phẩm và cộng đồng","Sản phẩm & Cộng đồng"
"Tôi muốn tìm hiểu thêm về sản phẩm và cộng đồng","Sản phẩm & Cộng đồng"
"Tôi muốn khám phá về sản phẩm và cộng đồng","Sản phẩm & Cộng đồng"
"Tôi quan tâm đến sản phẩm và cộng đồng","Sản phẩm & Cộng đồng"
"Tôi muốn biết thêm về sống khỏe","Sống khỏe"
"Tôi muốn tìm hiểu thêm về sống khỏe","Sống khỏe"
"Tôi muốn khám phá về sống khỏe","Sống khỏe"
"Tôi quan tâm đến sống khỏe","Sống khỏe"
"Tôi muốn biết thêm về sống xanh","Sống xanh"
"Tôi muốn tìm hiểu thêm về sống xanh","Sống xanh"
"Tôi muốn khám phá về sống xanh","Sống xanh"
"Tôi quan tâm đến sống xanh","Sống xanh"
"Tôi muốn biết thêm về sức khỏe","Sức khỏe"
"Tôi muốn tìm hiểu thêm về sức khỏe","Sức khỏe"
"Tôi muốn khám phá về sức khỏe","Sức khỏe"
"Tôi quan tâm đến sức khỏe","Sức khỏe"
"Tôi muốn biết thêm về tài chính","Tài chính"
"Tôi muốn tìm hiểu thêm về tài chính","Tài chính"
"Tôi muốn khám phá về tài chính","Tài chính"
"Tôi quan tâm đến tài chính","Tài chính"
"Tôi muốn biết thêm về tennis","Tennis"
"Tôi muốn tìm hiểu thêm về tennis","Tennis"
"Tôi muốn khám phá về tennis","Tennis"
"Tôi quan tâm đến tennis","Tennis"
"Tôi muốn biết thêm về thế giới đó đây","Thế giới đó đây"
"Tôi muốn tìm hiểu thêm về thế giới đó đây","Thế giới đó đây"
"Tôi muốn khám phá về thế giới đó đây","Thế giới đó đây"
"Tôi quan tâm đến thế giới đó đây","Thế giới đó đây"
"Tôi muốn biết thêm về thế giới tự nhiên","Thế giới tự nhiên"
"Tôi muốn tìm hiểu thêm về thế giới tự nhiên","Thế giới tự nhiên"
"Tôi muốn khám phá về thế giới tự nhiên","Thế giới tự nhiên"
"Tôi quan tâm đến thế giới tự nhiên","Thế giới tự nhiên"
"Tôi muốn biết thêm về thế giới","Thế giới"
"Tôi muốn tìm hiểu thêm về thế giới","Thế giới"
"Tôi muốn khám phá về thế giới","Thế giới"
"Tôi quan tâm đến thế giới","Thế giới"
"Tôi muốn biết thêm về thể thao","Thể thao"
"Tôi muốn tìm hiểu thêm về thể thao","Thể thao"
"Tôi muốn khám phá về thể thao","Thể thao"
"Tôi quan tâm đến thể thao","Thể thao"
"Tôi muốn biết thêm về thị trường xe","Thị trường xe"
"Tôi muốn tìm hiểu thêm về thị trường xe","Thị trường xe"
"Tôi muốn khám phá về thị trường xe","Thị trường xe"
"Tôi quan tâm đến thị trường xe","Thị trường xe"
"Tôi muốn biết thêm về thị trường","Thị trường"
"Tôi muốn tìm hiểu thêm về thị trường","Thị trường"
"Tôi muốn khám phá về thị trường","Thị trường"
"Tôi quan tâm đến thị trường","Thị trường"
"Tôi muốn biết thêm về thời trang","Thời trang"
"Tôi muốn tìm hiểu thêm về thời trang","Thời trang"
"Tôi muốn khám phá về thời trang","Thời trang"
"Tôi quan tâm đến thời trang","Thời trang"
"Tôi muốn biết thêm về thượng lưu","Thượng lưu"
"Tôi muốn tìm hiểu thêm về thượng lưu","Thượng lưu"
"Tôi muốn khám phá về thượng lưu","Thượng lưu"
"Tôi quan tâm đến thượng lưu","Thượng lưu"
"Tôi muốn biết thêm về tiền lương","Tiền lương"
"Tôi muốn tìm hiểu thêm về tiền lương","Tiền lương"
"Tôi muốn khám phá về tiền lương","Tiền lương"
"Tôi quan tâm đến tiền lương","Tiền lương"
"Tôi muốn biết thêm về tiêu dùng","Tiêu dùng"
"Tôi muốn tìm hiểu thêm về tiêu dùng","Tiêu dùng"
"Tôi muốn khám phá về tiêu dùng","Tiêu dùng"
"Tôi quan tâm đến tiêu dùng","Tiêu dùng"
"Tôi muốn biết thêm về tin tức","Tin tức"
"Tôi muốn tìm hiểu thêm về tin tức","Tin tức"
"Tôi muốn khám phá về tin tức","Tin tức"
"Tôi quan tâm đến tin tức","Tin tức"
"Tôi muốn biết thêm về tình yêu","Tình yêu"
"Tôi muốn tìm hiểu thêm về tình yêu","Tình yêu"
"Tôi muốn khám phá về tình yêu","Tình yêu"
"Tôi quan tâm đến tình yêu","Tình yêu"
"Tôi muốn biết thêm về tổ chức bộ máy","Tổ chức bộ máy"
"Tôi muốn tìm hiểu thêm về tổ chức bộ máy","Tổ chức bộ máy"
"Tôi muốn khám phá về tổ chức bộ máy","Tổ chức bộ máy"
"Tôi quan tâm đến tổ chức bộ máy","Tổ chức bộ máy"
"Tôi muốn biết thêm về tour hay và khuyến mại","Tour hay - Khuyến mại"
"Tôi muốn tìm hiểu thêm về tour hay và khuyến mại","Tour hay - Khuyến mại"
"Tôi muốn khám phá về tour hay và khuyến mại","Tour hay - Khuyến mại"
"Tôi quan tâm đến tour hay và khuyến mại","Tour hay - Khuyến mại"
"Tôi muốn biết thêm về tư vấn","Tư vấn"
"Tôi muốn tìm hiểu thêm về tư vấn","Tư vấn"
"Tôi muốn khám phá về tư vấn","Tư vấn"
"Tôi quan tâm đến tư vấn","Tư vấn"
"Tôi muốn biết thêm về tuyển sinh","Tuyển sinh"
"Tôi muốn tìm hiểu thêm về tuyển sinh","Tuyển sinh"
"Tôi muốn khám phá về tuyển sinh","Tuyển sinh"
"Tôi quan tâm đến tuyển sinh","Tuyển sinh"
"Tôi muốn biết thêm về ung thư","Ung thư"
"Tôi muốn tìm hiểu thêm về ung thư","Ung thư"
"Tôi muốn khám phá về ung thư","Ung thư"
"Tôi quan tâm đến ung thư","Ung thư"
"Tôi muốn biết thêm về video và ảnh","Video - Ảnh"
"Tôi muốn tìm hiểu thêm về video và ảnh","Video - Ảnh"
"Tôi muốn khám phá về video và ảnh","Video - Ảnh"
"Tôi quan tâm đến video và ảnh","Video - Ảnh"
"Tôi muốn biết thêm về việc làm","Việc làm"
"Tôi muốn tìm hiểu thêm về việc làm","Việc làm"
"Tôi muốn khám phá về việc làm","Việc làm"
"Tôi quan tâm đến việc làm","Việc làm"
"Tôi muốn biết thêm về võ thuật và các môn khác","Võ thuật - Các môn khác"
"Tôi muốn tìm hiểu thêm về võ thuật và các môn khác","Võ thuật - Các môn khác"
"Tôi muốn khám phá về võ thuật và các môn khác","Võ thuật - Các môn khác"
"Tôi quan tâm đến võ thuật và các môn khác","Võ thuật - Các môn khác"
"Tôi muốn biết thêm về vũ trụ","Vũ trụ"
"Tôi muốn tìm hiểu thêm về vũ trụ","Vũ trụ"
"Tôi muốn khám phá về vũ trụ","Vũ trụ"
"Tôi quan tâm đến vũ trụ","Vũ trụ"
"Tôi muốn biết thêm về vượt lên số phận","Vượt lên số phận"
"Tôi muốn tìm hiểu thêm về vượt lên số phận","Vượt lên số phận"
"Tôi muốn khám phá về vượt lên số phận","Vượt lên số phận"
"Tôi quan tâm đến vượt lên số phận","Vượt lên số phận"
"Tôi muốn biết thêm về xã hội","Xã hội"
"Tôi muốn tìm hiểu thêm về xã hội","Xã hội"
"Tôi muốn khám phá về xã hội","Xã hội"
"Tôi quan tâm đến xã hội","Xã hội"
"Tôi muốn biết thêm về xe","Xe ++"
"Tôi muốn tìm hiểu thêm về xe","Xe ++"
"Tôi muốn khám phá về xe","Xe ++"
"Tôi quan tâm đến xe","Xe ++"
"Tôi muốn biết thêm về xe điện","Xe điện"
"Tôi muốn tìm hiểu thêm về xe điện","Xe điện"
"Tôi muốn khám phá về xe điện","Xe điện"
"Tôi quan tâm đến xe điện","Xe điện"
"Tôi muốn biết thêm về AI","AI & Internet"
"Tôi muốn tìm hiểu thêm về AI","AI & Internet"
"Tôi muốn biết thêm về Internet","AI & Internet"
"Tôi muốn tìm hiểu thêm về Internet","AI & Internet"
"Tôi muốn khám phá về AI","AI & Internet"
"Tôi quan tâm đến AI","AI & Internet"
"Tôi muốn khám phá về Internet","AI & Internet"
"Tôi quan tâm đến Internet","AI & Internet"
"AI là gì?","AI & Internet"
"Bạn có thể giải thích về Internet không?","AI & Internet"
"Tôi thích tìm hiểu về AI.","AI & Internet"
"Hãy cung cấp thông tin về Internet.","AI & Internet"
"Tôi tò mò về cách AI hoạt động.","AI & Internet"
"Internet hoạt động như thế nào?","AI & Internet"
"Bạn có thể cho tôi biết về xu hướng AI không?","AI & Internet"
"Tôi muốn biết về xu hướng âm nhạc","Âm nhạc"
"Tôi muốn biết thêm về thị trường âm nhạc","Âm nhạc"
"Tôi muốn khám phá về âm nhạc","Âm nhạc"
"Tôi quan tâm đến âm nhạc","Âm nhạc"
"Xu hướng âm nhạc hiện nay là gì?","Âm nhạc"
"Bạn có thể chia sẻ về thị trường âm nhạc không?","Âm nhạc"
"Tôi thích khám phá các thể loại âm nhạc mới.","Âm nhạc"
"Hãy giới thiệu cho tôi về xu hướng âm nhạc.","Âm nhạc"
"Tôi tò mò về cách âm nhạc đang thay đổi.","Âm nhạc"
"Tôi muốn biết thêm về an ninh mạng","An ninh mạng"
"Tôi muốn tìm hiểu thêm về an ninh mạng","An ninh mạng"
"Tôi muốn khám phá về an ninh mạng","An ninh mạng"
"Tôi quan tâm đến an ninh mạng","An ninh mạng"
"An ninh mạng là gì?","An ninh mạng"
"Bạn có thể cho tôi biết về các biện pháp an ninh mạng không?","An ninh mạng"
"Tôi quan tâm đến việc bảo vệ thông tin cá nhân.","An ninh mạng"
"Hãy giúp tôi hiểu về an ninh mạng.","An ninh mạng"
"Tôi tò mò về cách phòng chống tấn công mạng.","An ninh mạng"
"Tôi muốn biết thêm về bất động sản","Bất động sản"
"Tôi muốn tìm hiểu thêm về bất động sản","Bất động sản"
"Tôi muốn khám phá về bất động sản","Bất động sản"
"Tôi quan tâm đến bất động sản","Bất động sản"
"Bất động sản là gì?","Bất động sản"
"Bạn có thể giải thích về thị trường bất động sản không?","Bất động sản"
"Tôi thích tìm hiểu về bất động sản.","Bất động sản"
"Hãy cung cấp thông tin về bất động sản.","Bất động sản"
"Tôi tò mò về xu hướng bất động sản hiện nay.","Bất động sản"
"Tôi muốn biết thêm về bóng đá","Bóng đá"
"Tôi muốn tìm hiểu thêm về bóng đá","Bóng đá"
"Tôi muốn khám phá về bóng đá","Bóng đá"
"Tôi quan tâm đến bóng đá","Bóng đá"
"Bóng đá là gì?","Bóng đá"
"Bạn có thể kể cho tôi về bóng đá không?","Bóng đá"
"Tôi thích khám phá các trận đấu bóng đá.","Bóng đá"
"Hãy chia sẻ thông tin về bóng đá.","Bóng đá"
"Tôi tò mò về chiến thuật trong bóng đá.","Bóng đá"
"Tôi muốn biết thêm về công nghệ","Công nghệ"
"Tôi muốn tìm hiểu thêm về công nghệ","Công nghệ"
"Tôi muốn khám phá về công nghệ","Công nghệ"
"Tôi quan tâm đến công nghệ","Công nghệ"
"Công nghệ là gì?","Công nghệ"
"Bạn có thể giải thích về công nghệ hiện đại không?","Công nghệ"
"Tôi thích tìm hiểu về công nghệ mới.","Công nghệ"
"Hãy cung cấp thông tin về công nghệ.","Công nghệ"
"Tôi tò mò về cách công nghệ thay đổi cuộc sống.","Công nghệ"
"Tôi muốn biết thêm về tài chính","Tài chính"
"Tôi muốn tìm hiểu thêm về tài chính","Tài chính"
"Tôi muốn khám phá về tài chính","Tài chính"
"Tôi quan tâm đến tài chính","Tài chính"
"Tài chính là gì?","Tài chính"
"Bạn có thể giải thích về quản lý tài chính không?","Tài chính"
"Tôi thích tìm hiểu về đầu tư.","Tài chính"
"Hãy cung cấp thông tin về tài chính cá nhân.","Tài chính"
"Tôi tò mò về các chiến lược tiết kiệm tiền.","Tài chính"